{
  "project": {
    "name": "AutoClicker_ImageRec",
    "tech_stack": [
      "Python 3.9+",
      "OpenCV (cv2)",
      "mss",
      "numpy",
      "pyautogui",
      "pywin32 (optional)",
      "Pillow (PIL)",
      "tkinter (ttk)",
      "keyboard (optional)",
      "pynput (optional)",
      "PyYAML (optional)"
    ],
    "purpose": "Automate trade interactions in a game or application using image detection (red gem, template matching) and simulated clicks. Supports both GUI and headless modes.",
    "entry_point": {
      "file": "AutoClicker_ImageRec/Auto.py",
      "loads": "config.json (or .yaml)"
    },
    "run_command": "python Auto.py"
  },
  "files": [
    {
      "path": "AutoClicker_ImageRec/Auto.py",
      "type": "entrypoint",
      "language": "Python",
      "loc": 76,
      "imports": [
        {
          "what": [
            "argparse",
            "logging",
            "RotatingFileHandler",
            "signal",
            "sys",
            "time",
            "Path"
          ],
          "from": "builtin",
          "lines": "3-10"
        },
        {
          "what": [
            "AutomationController"
          ],
          "from": "automation_tool.controller",
          "lines": "12"
        },
        {
          "what": [
            "AutomationGUI"
          ],
          "from": "automation_tool.gui",
          "lines": "13"
        }
      ],
      "exports": [],
      "functions": [
        {
          "name": "configure_logging",
          "line": 17,
          "params": [
            "level"
          ],
          "returns": "None",
          "description": "Configures standard and file logging."
        },
        {
          "name": "parse_args",
          "line": 28,
          "params": [],
          "returns": "argparse.Namespace",
          "description": "Parses command-line arguments for configuration path, GUI mode, and log level."
        },
        {
          "name": "main",
          "line": 35,
          "params": [],
          "returns": "int",
          "description": "Main application entry point. Initializes controller, handles shutdown, and runs GUI or headless mode."
        },
        {
          "name": "handle_shutdown",
          "line": 42,
          "params": [
            "_signum",
            "_frame"
          ],
          "returns": null,
          "description": "Signal handler for graceful shutdown."
        }
      ],
      "calls": {
        "intra_file": [
          {
            "caller": "handle_shutdown",
            "callee": "getLogger",
            "line": 43
          },
          {
            "caller": "main",
            "callee": "parse_args",
            "line": 36
          },
          {
            "caller": "main",
            "callee": "configure_logging",
            "line": 37
          },
          {
            "caller": "main",
            "callee": "handle_shutdown",
            "line": 42
          },
          {
            "caller": "main",
            "callee": "getLogger",
            "line": 56
          },
          {
            "caller": "main",
            "callee": "getLogger",
            "line": 61
          }
        ],
        "cross_file": [
          {
            "to_file": "automation_tool/controller.py",
            "function": "AutomationController",
            "line": 40,
            "caller": "main"
          },
          {
            "to_file": "automation_tool/controller.py",
            "function": "shutdown",
            "line": 44,
            "caller": "handle_shutdown"
          },
          {
            "to_file": "automation_tool/gui.py",
            "function": "AutomationGUI",
            "line": 52,
            "caller": "main"
          },
          {
            "to_file": "automation_tool/gui.py",
            "function": "run",
            "line": 53,
            "caller": "main"
          },
          {
            "to_file": "automation_tool/controller.py",
            "function": "start",
            "line": 59,
            "caller": "main"
          },
          {
            "to_file": "automation_tool/controller.py",
            "function": "shutdown",
            "line": 69,
            "caller": "main"
          }
        ]
      }
    },
    {
      "path": "AutoClicker_ImageRec/automation_tool/automation_engine.py",
      "type": "module",
      "language": "Python",
      "loc": 140,
      "imports": [
        {
          "what": [
            "logging",
            "threading",
            "time",
            "List",
            "Optional"
          ],
          "from": "builtin",
          "lines": "3-6"
        },
        {
          "what": [
            "ClickExecutor"
          ],
          "from": ".clicker",
          "lines": "8"
        },
        {
          "what": [
            "AppConfig",
            "Point"
          ],
          "from": ".config_loader",
          "lines": "9"
        },
        {
          "what": [
            "DetectionManager",
            "TradeStatus"
          ],
          "from": ".detection",
          "lines": "10"
        }
      ],
      "exports": [
        {
          "name": "AutomationEngine",
          "type": "class",
          "line": 16
        }
      ],
      "functions": [
        {
          "name": "start",
          "line": 34,
          "params": [
            "self"
          ],
          "returns": "None",
          "description": "Starts the automation loop in a new thread."
        },
        {
          "name": "stop",
          "line": 43,
          "params": [
            "self"
          ],
          "returns": "None",
          "description": "Stops the automation loop."
        },
        {
          "name": "pause",
          "line": 49,
          "params": [
            "self"
          ],
          "returns": "None",
          "description": "Pauses the automation loop."
        },
        {
          "name": "resume",
          "line": 53,
          "params": [
            "self"
          ],
          "returns": "None",
          "description": "Resumes the automation loop."
        },
        {
          "name": "toggle_pause",
          "line": 57,
          "params": [
            "self"
          ],
          "returns": "bool",
          "description": "Toggles the pause state of the automation loop."
        },
        {
          "name": "is_running",
          "line": 64,
          "params": [
            "self"
          ],
          "returns": "bool",
          "description": "Checks if the automation loop is running."
        },
        {
          "name": "is_paused",
          "line": 67,
          "params": [
            "self"
          ],
          "returns": "bool",
          "description": "Checks if the automation loop is paused."
        },
        {
          "name": "_update_statuses",
          "line": 73,
          "params": [
            "self",
            "statuses"
          ],
          "returns": "None",
          "description": "Updates the stored list of trade statuses."
        },
        {
          "name": "_run_loop",
          "line": 77,
          "params": [
            "self"
          ],
          "returns": "None",
          "description": "The main automation loop that continuously evaluates trades, handles clicks, and refreshes."
        },
        {
          "name": "_handle_trades",
          "line": 94,
          "params": [
            "self",
            "statuses"
          ],
          "returns": "bool",
          "description": "Handles clicking for trades with red gems detected."
        },
        {
          "name": "_click",
          "line": 109,
          "params": [
            "self",
            "point"
          ],
          "returns": "None",
          "description": "Performs a click action using the configured click executor."
        },
        {
          "name": "_handle_collect",
          "line": 112,
          "params": [
            "self"
          ],
          "returns": "None",
          "description": "Handles clicking the collect button based on the configured interval."
        },
        {
          "name": "_handle_refresh",
          "line": 122,
          "params": [
            "self",
            "statuses",
            "click_performed"
          ],
          "returns": "None",
          "description": "Handles clicking the refresh button based on conditions like no red gems, all disabled trades, or refresh interval."
        }
      ],
      "calls": {
        "intra_file": [
          {
            "callee": "_run_loop",
            "caller": "start",
            "line": 39
          },
          {
            "callee": "pause",
            "caller": "toggle_pause",
            "line": 58
          },
          {
            "callee": "resume",
            "caller": "toggle_pause",
            "line": 61
          },
          {
            "callee": "_update_statuses",
            "caller": "_run_loop",
            "line": 84
          },
          {
            "callee": "_handle_trades",
            "caller": "_run_loop",
            "line": 85
          },
          {
            "callee": "_handle_collect",
            "caller": "_run_loop",
            "line": 86
          },
          {
            "callee": "_handle_refresh",
            "caller": "_run_loop",
            "line": 87
          },
          {
            "callee": "_click",
            "caller": "_handle_trades",
            "line": 100
          },
          {
            "callee": "_click",
            "caller": "_handle_collect",
            "line": 118
          }
        ],
        "cross_file": [
          {
            "to_file": "./clicker.py",
            "function": "ClickExecutor",
            "line": 20,
            "caller": "__init__"
          },
          {
            "to_file": "./detection.py",
            "function": "DetectionManager",
            "line": 19,
            "caller": "__init__"
          },
          {
            "to_file": "./detection.py",
            "function": "evaluate_all",
            "line": 83,
            "caller": "_run_loop"
          },
          {
            "to_file": "./clicker.py",
            "function": "click",
            "line": 110,
            "caller": "_click"
          }
        ]
      }
    },
    {
      "path": "AutoClicker_ImageRec/automation_tool/clicker.py",
      "type": "module",
      "language": "Python",
      "loc": 61,
      "imports": [
        {
          "what": [
            "logging",
            "time",
            "Optional"
          ],
          "from": "builtin",
          "lines": "3-5"
        },
        {
          "what": [
            "pyautogui"
          ],
          "from": "pyautogui",
          "lines": "8"
        },
        {
          "what": [
            "win32api",
            "win32con"
          ],
          "from": "win32api",
          "lines": "13"
        },
        {
          "what": [
            "ClickConfig",
            "Point"
          ],
          "from": ".config_loader",
          "lines": "19"
        }
      ],
      "exports": [
        {
          "name": "ClickExecutor",
          "type": "class",
          "line": 22
        }
      ],
      "functions": [
        {
          "name": "click",
          "line": 34,
          "params": [
            "self",
            "point",
            "pause"
          ],
          "returns": "None",
          "description": "Performs a click at the specified point, using either Win32 API or pyautogui based on configuration."
        },
        {
          "name": "_pyautogui_click",
          "line": 41,
          "params": [
            "self",
            "point"
          ],
          "returns": "None",
          "description": "Performs a click using the pyautogui library."
        },
        {
          "name": "_win32_click",
          "line": 46,
          "params": [
            "self",
            "point"
          ],
          "returns": "None",
          "description": "Performs a click using the Win32 API for potentially faster input."
        }
      ],
      "calls": {
        "intra_file": [
          {
            "callee": "_win32_click",
            "caller": "click",
            "line": 35
          },
          {
            "callee": "_pyautogui_click",
            "caller": "click",
            "line": 37
          }
        ],
        "cross_file": []
      }
    },
    {
      "path": "AutoClicker_ImageRec/automation_tool/config_loader.py",
      "type": "module",
      "language": "Python",
      "loc": 204,
      "imports": [
        {
          "what": [
            "json",
            "logging",
            "dataclass",
            "field",
            "Path",
            "Dict",
            "List",
            "Optional",
            "Sequence",
            "Tuple"
          ],
          "from": "builtin",
          "lines": "3-7"
        },
        {
          "what": [
            "yaml"
          ],
          "from": "yaml",
          "lines": "10"
        }
      ],
      "exports": [
        {
          "name": "Point",
          "type": "class",
          "line": 16
        },
        {
          "name": "Region",
          "type": "class",
          "line": 28
        },
        {
          "name": "HSVRange",
          "type": "class",
          "line": 50
        },
        {
          "name": "TemplateConfig",
          "type": "class",
          "line": 70
        },
        {
          "name": "TradeConfig",
          "type": "class",
          "line": 76
        },
        {
          "name": "TimingConfig",
          "type": "class",
          "line": 86
        },
        {
          "name": "ClickConfig",
          "type": "class",
          "line": 93
        },
        {
          "name": "HotkeyConfig",
          "type": "class",
          "line": 99
        },
        {
          "name": "AppConfig",
          "type": "class",
          "line": 105
        },
        {
          "name": "ConfigLoader",
          "type": "class",
          "line": 118
        }
      ],
      "functions": [
        {
          "name": "from_mapping",
          "line": 20,
          "params": [
            "mapping",
            "label"
          ],
          "returns": "Point",
          "description": "Creates a Point object from a dictionary mapping."
        },
        {
          "name": "from_mapping",
          "line": 35,
          "params": [
            "mapping",
            "label"
          ],
          "returns": "Region",
          "description": "Creates a Region object from a dictionary mapping."
        },
        {
          "name": "to_monitor",
          "line": 46,
          "params": [
            "self"
          ],
          "returns": "Dict[str, int]",
          "description": "Converts the region to a dictionary format suitable for `mss` monitor grab."
        },
        {
          "name": "from_sequence",
          "line": 57,
          "params": [
            "values"
          ],
          "returns": "List[HSVRange]",
          "description": "Creates a list of HSVRange objects from a sequence of HSV value pairs."
        },
        {
          "name": "load",
          "line": 123,
          "params": [
            "self"
          ],
          "returns": "AppConfig",
          "description": "Loads and parses the configuration file into an AppConfig object."
        },
        {
          "name": "_read_raw",
          "line": 128,
          "params": [
            "self"
          ],
          "returns": "Dict[str, object]",
          "description": "Reads the raw configuration data from the file, supporting JSON and YAML."
        },
        {
          "name": "_parse",
          "line": 139,
          "params": [
            "self",
            "data"
          ],
          "returns": "AppConfig",
          "description": "Parses the raw configuration dictionary into an AppConfig object."
        }
      ],
      "calls": {
        "intra_file": [
          {
            "callee": "_read_raw",
            "caller": "load",
            "line": 126
          },
          {
            "callee": "_parse",
            "caller": "load",
            "line": 127
          },
          {
            "callee": "from_mapping",
            "caller": "_parse",
            "line": 145
          },
          {
            "callee": "from_mapping",
            "caller": "_parse",
            "line": 156
          },
          {
            "callee": "from_mapping",
            "caller": "_parse",
            "line": 157
          }
        ],
        "cross_file": []
      }
    },
    {
      "path": "AutoClicker_ImageRec/automation_tool/controller.py",
      "type": "module",
      "language": "Python",
      "loc": 73,
      "imports": [
        {
          "what": [
            "logging",
            "Path",
            "Optional"
          ],
          "from": "builtin",
          "lines": "3-5"
        },
        {
          "what": [
            "AutomationEngine"
          ],
          "from": ".automation_engine",
          "lines": "7"
        },
        {
          "what": [
            "AppConfig",
            "ConfigLoader"
          ],
          "from": ".config_loader",
          "lines": "8"
        },
        {
          "what": [
            "HotkeyListener"
          ],
          "from": ".hotkeys",
          "lines": "9"
        }
      ],
      "exports": [
        {
          "name": "AutomationController",
          "type": "class",
          "line": 12
        }
      ],
      "functions": [
        {
          "name": "start",
          "line": 32,
          "params": [
            "self"
          ],
          "returns": "None",
          "description": "Starts the automation engine."
        },
        {
          "name": "stop",
          "line": 35,
          "params": [
            "self"
          ],
          "returns": "None",
          "description": "Stops the automation engine."
        },
        {
          "name": "shutdown",
          "line": 40,
          "params": [
            "self"
          ],
          "returns": "None",
          "description": "Shuts down the hotkey listener and automation engine."
        },
        {
          "name": "toggle_pause",
          "line": 46,
          "params": [
            "self"
          ],
          "returns": "bool",
          "description": "Toggles the pause state of the automation engine."
        },
        {
          "name": "reload_config",
          "line": 49,
          "params": [
            "self"
          ],
          "returns": "None",
          "description": "Reloads the configuration, restarting the engine and hotkey listener."
        },
        {
          "name": "_on_hotkey",
          "line": 64,
          "params": [
            "self"
          ],
          "returns": "None",
          "description": "Callback for when the hotkey is pressed, toggling pause."
        }
      ],
      "calls": {
        "intra_file": [
          {
            "callee": "reload_config",
            "caller": "__init__",
            "line": 21
          },
          {
            "callee": "engine",
            "caller": "start",
            "line": 33
          },
          {
            "callee": "engine",
            "caller": "toggle_pause",
            "line": 47
          },
          {
            "callee": "_on_hotkey",
            "caller": "reload_config",
            "line": 61
          },
          {
            "callee": "engine",
            "caller": "_on_hotkey",
            "line": 65
          }
        ],
        "cross_file": [
          {
            "to_file": "./config_loader.py",
            "function": "ConfigLoader",
            "line": 17,
            "caller": "__init__"
          },
          {
            "to_file": "./automation_engine.py",
            "function": "start",
            "line": 33,
            "caller": "start"
          },
          {
            "to_file": "./automation_engine.py",
            "function": "stop",
            "line": 37,
            "caller": "stop"
          },
          {
            "to_file": "./hotkeys.py",
            "function": "stop",
            "line": 42,
            "caller": "shutdown"
          },
          {
            "to_file": "./automation_engine.py",
            "function": "shutdown",
            "line": 44,
            "caller": "shutdown"
          },
          {
            "to_file": "./config_loader.py",
            "function": "load",
            "line": 51,
            "caller": "reload_config"
          },
          {
            "to_file": "./automation_engine.py",
            "function": "shutdown",
            "line": 53,
            "caller": "reload_config"
          },
          {
            "to_file": "./hotkeys.py",
            "function": "stop",
            "line": 55,
            "caller": "reload_config"
          },
          {
            "to_file": "./automation_engine.py",
            "function": "AutomationEngine",
            "line": 58,
            "caller": "reload_config"
          },
          {
            "to_file": "./hotkeys.py",
            "function": "HotkeyListener",
            "line": 59,
            "caller": "reload_config"
          },
          {
            "to_file": "./hotkeys.py",
            "function": "start",
            "line": 60,
            "caller": "reload_config"
          }
        ]
      }
    },
    {
      "path": "AutoClicker_ImageRec/automation_tool/detection.py",
      "type": "module",
      "language": "Python",
      "loc": 194,
      "imports": [
        {
          "what": [
            "logging",
            "dataclass",
            "Path",
            "Lock",
            "Dict",
            "List",
            "Optional",
            "Tuple"
          ],
          "from": "builtin",
          "lines": "3-9"
        },
        {
          "what": [
            "cv2"
          ],
          "from": "cv2",
          "lines": "11"
        },
        {
          "what": [
            "mss"
          ],
          "from": "mss",
          "lines": "12"
        },
        {
          "what": [
            "numpy"
          ],
          "from": "numpy",
          "lines": "13"
        },
        {
          "what": [
            "AppConfig",
            "HSVRange",
            "Region",
            "TemplateConfig",
            "TradeConfig"
          ],
          "from": ".config_loader",
          "lines": "15"
        }
      ],
      "exports": [
        {
          "name": "TradeStatus",
          "type": "class",
          "line": 21
        },
        {
          "name": "ScreenGrabber",
          "type": "class",
          "line": 29
        },
        {
          "name": "ColorDetector",
          "type": "class",
          "line": 58
        },
        {
          "name": "TemplateMatcher",
          "type": "class",
          "line": 80
        },
        {
          "name": "DetectionManager",
          "type": "class",
          "line": 133
        }
      ],
      "functions": [
        {
          "name": "grab",
          "line": 36,
          "params": [
            "self",
            "region"
          ],
          "returns": "np.ndarray",
          "description": "Grabs a specific region of the screen."
        },
        {
          "name": "grab_monitor",
          "line": 43,
          "params": [
            "self"
          ],
          "returns": "np.ndarray",
          "description": "Grabs the entire configured monitor region."
        },
        {
          "name": "_bounded_region",
          "line": 49,
          "params": [
            "self",
            "region"
          ],
          "returns": "Dict[str, int]",
          "description": "Calculates the bounded region within the monitor."
        },
        {
          "name": "red_ratio",
          "line": 63,
          "params": [
            "self",
            "frame_bgr"
          ],
          "returns": "float",
          "description": "Calculates the ratio of 'red' pixels in a BGR image based on configured HSV ranges."
        },
        {
          "name": "has_red",
          "line": 73,
          "params": [
            "self",
            "frame_bgr",
            "threshold"
          ],
          "returns": "bool",
          "description": "Checks if the red pixel ratio in an image exceeds a given threshold."
        },
        {
          "name": "is_configured",
          "line": 85,
          "params": [
            "self"
          ],
          "returns": "bool",
          "description": "Checks if any templates are configured for matching."
        },
        {
          "name": "_load_template",
          "line": 88,
          "params": [
            "self",
            "name"
          ],
          "returns": "Tuple[np.ndarray, float]",
          "description": "Loads a template image from disk or retrieves it from cache."
        },
        {
          "name": "match",
          "line": 105,
          "params": [
            "self",
            "frame_bgr",
            "template_name"
          ],
          "returns": "Tuple[bool, float]",
          "description": "Matches a template against a given BGR frame and returns success and score."
        },
        {
          "name": "evaluate_trade",
          "line": 142,
          "params": [
            "self",
            "trade"
          ],
          "returns": "TradeStatus",
          "description": "Evaluates a single trade region for red gems and template matches."
        },
        {
          "name": "evaluate_all",
          "line": 165,
          "params": [
            "self"
          ],
          "returns": "List[TradeStatus]",
          "description": "Evaluates all configured trade regions and returns a list of their statuses."
        }
      ],
      "calls": {
        "intra_file": [
          {
            "callee": "_bounded_region",
            "caller": "grab",
            "line": 37
          },
          {
            "callee": "red_ratio",
            "caller": "has_red",
            "line": 74
          },
          {
            "callee": "_load_template",
            "caller": "match",
            "line": 106
          },
          {
            "callee": "grab",
            "caller": "evaluate_trade",
            "line": 143
          },
          {
            "callee": "red_ratio",
            "caller": "evaluate_trade",
            "line": 145
          },
          {
            "callee": "is_configured",
            "caller": "evaluate_trade",
            "line": 150
          },
          {
            "callee": "match",
            "caller": "evaluate_trade",
            "line": 151
          },
          {
            "callee": "evaluate_trade",
            "caller": "evaluate_all",
            "line": 167
          }
        ],
        "cross_file": [
          {
            "to_file": "./config_loader.py",
            "function": "to_monitor",
            "line": 45,
            "caller": "grab_monitor"
          }
        ]
      }
    },
    {
      "path": "AutoClicker_ImageRec/automation_tool/gui.py",
      "type": "module",
      "language": "Python",
      "loc": 149,
      "imports": [
        {
          "what": [
            "logging",
            "tkinter",
            "Path",
            "Optional"
          ],
          "from": "builtin",
          "lines": "3-6"
        },
        {
          "what": [
            "cv2"
          ],
          "from": "cv2",
          "lines": "8"
        },
        {
          "what": [
            "Image",
            "ImageTk"
          ],
          "from": "PIL",
          "lines": "9"
        },
        {
          "what": [
            "ttk"
          ],
          "from": "tkinter",
          "lines": "10"
        },
        {
          "what": [
            "AutomationController"
          ],
          "from": ".controller",
          "lines": "12"
        }
      ],
      "exports": [
        {
          "name": "AutomationGUI",
          "type": "class",
          "line": 15
        }
      ],
      "functions": [
        {
          "name": "_on_close",
          "line": 23,
          "params": [
            "self"
          ],
          "returns": null,
          "description": "Handler for window close event."
        },
        {
          "name": "_build_layout",
          "line": 31,
          "params": [
            "self"
          ],
          "returns": "None",
          "description": "Constructs the GUI layout with control buttons, status, trade table, and preview."
        },
        {
          "name": "_on_start",
          "line": 86,
          "params": [
            "self"
          ],
          "returns": "None",
          "description": "Event handler for the Start button."
        },
        {
          "name": "_on_stop",
          "line": 91,
          "params": [
            "self"
          ],
          "returns": "None",
          "description": "Event handler for the Stop button."
        },
        {
          "name": "_on_pause",
          "line": 96,
          "params": [
            "self"
          ],
          "returns": "None",
          "description": "Event handler for the Pause/Resume button."
        },
        {
          "name": "_on_reload",
          "line": 105,
          "params": [
            "self"
          ],
          "returns": "None",
          "description": "Event handler for the Reload Config button."
        },
        {
          "name": "_schedule_update",
          "line": 109,
          "params": [
            "self"
          ],
          "returns": "None",
          "description": "Schedules periodic GUI updates."
        },
        {
          "name": "_update_status",
          "line": 113,
          "params": [
            "self"
          ],
          "returns": "None",
          "description": "Updates the trade table and image preview."
        },
        {
          "name": "_bool_to_text",
          "line": 133,
          "params": [
            "self",
            "val"
          ],
          "returns": null,
          "description": "Helper to convert boolean/None to display text."
        }
      ],
      "calls": {
        "intra_file": [
          {
            "callee": "_build_layout",
            "caller": "__init__",
            "line": 29
          },
          {
            "callee": "_schedule_update",
            "caller": "__init__",
            "line": 30
          },
          {
            "callee": "_on_start",
            "caller": "_build_layout",
            "line": 34
          },
          {
            "callee": "_on_stop",
            "caller": "_build_layout",
            "line": 37
          },
          {
            "callee": "_on_pause",
            "caller": "_build_layout",
            "line": 40
          },
          {
            "callee": "_on_reload",
            "caller": "_build_layout",
            "line": 43
          },
          {
            "callee": "_update_status",
            "caller": "_schedule_update",
            "line": 110
          },
          {
            "callee": "_schedule_update",
            "caller": "_schedule_update",
            "line": 111
          },
          {
            "callee": "_bool_to_text",
            "caller": "_update_status",
            "line": 126
          },
          {
            "callee": "_bool_to_text",
            "caller": "_update_status",
            "line": 127
          }
        ],
        "cross_file": [
          {
            "to_file": "./controller.py",
            "function": "shutdown",
            "line": 24,
            "caller": "_on_close"
          },
          {
            "to_file": "./controller.py",
            "function": "start",
            "line": 87,
            "caller": "_on_start"
          },
          {
            "to_file": "./controller.py",
            "function": "stop",
            "line": 92,
            "caller": "_on_stop"
          },
          {
            "to_file": "./controller.py",
            "function": "toggle_pause",
            "line": 97,
            "caller": "_on_pause"
          },
          {
            "to_file": "./controller.py",
            "function": "reload_config",
            "line": 106,
            "caller": "_on_reload"
          },
          {
            "to_file": "./automation_engine.py",
            "function": "statuses",
            "line": 115,
            "caller": "_update_status"
          },
          {
            "to_file": "./automation_engine.py",
            "function": "last_frames",
            "line": 131,
            "caller": "_update_status"
          }
        ]
      }
    },
    {
      "path": "AutoClicker_ImageRec/automation_tool/hotkeys.py",
      "type": "module",
      "language": "Python",
      "loc": 87,
      "imports": [
        {
          "what": [
            "logging",
            "threading",
            "time",
            "Callable",
            "Optional"
          ],
          "from": "builtin",
          "lines": "3-6"
        },
        {
          "what": [
            "keyboard"
          ],
          "from": "keyboard",
          "lines": "9"
        },
        {
          "what": [
            "pynput_keyboard"
          ],
          "from": "pynput",
          "lines": "14"
        }
      ],
      "exports": [
        {
          "name": "HotkeyListener",
          "type": "class",
          "line": 20
        }
      ],
      "functions": [
        {
          "name": "start",
          "line": 28,
          "params": [
            "self"
          ],
          "returns": "None",
          "description": "Starts the hotkey listener in a new thread."
        },
        {
          "name": "stop",
          "line": 35,
          "params": [
            "self"
          ],
          "returns": "None",
          "description": "Stops the hotkey listener thread and detaches the hotkey."
        },
        {
          "name": "_run",
          "line": 42,
          "params": [
            "self"
          ],
          "returns": "None",
          "description": "The main loop for the hotkey listener, using either `keyboard` or `pynput`."
        },
        {
          "name": "on_press",
          "line": 57,
          "params": [
            "key"
          ],
          "returns": null,
          "description": "Callback for pynput-based key press events."
        },
        {
          "name": "_safe_callback",
          "line": 78,
          "params": [
            "self"
          ],
          "returns": "None",
          "description": "Executes the registered callback, catching any exceptions."
        },
        {
          "name": "_detach",
          "line": 83,
          "params": [
            "self"
          ],
          "returns": "None",
          "description": "Detaches the hotkey from the underlying library (keyboard or pynput)."
        }
      ],
      "calls": {
        "intra_file": [
          {
            "callee": "_detach",
            "caller": "stop",
            "line": 39
          },
          {
            "callee": "_run",
            "caller": "start",
            "line": 32
          },
          {
            "callee": "_safe_callback",
            "caller": "_run",
            "line": 44
          },
          {
            "callee": "_safe_callback",
            "caller": "_run",
            "line": 63
          }
        ],
        "cross_file": []
      }
    },
    {
      "path": "AutoClicker_ImageRec/automation_tool/__init__.py",
      "type": "module",
      "language": "Python",
      "loc": 1,
      "imports": [],
      "exports": [],
      "functions": [],
      "calls": {
        "intra_file": [],
        "cross_file": []
      }
    },
    {
      "path": "AutoClicker_ImageRec/config.json",
      "type": "configuration",
      "language": "JSON",
      "loc": 65,
      "imports": [],
      "exports": [],
      "functions": [],
      "calls": {
        "intra_file": [],
        "cross_file": []
      }
    },
    {
      "path": "AutoClicker_ImageRec/README.md",
      "type": "documentation",
      "language": "Markdown",
      "loc": 37,
      "imports": [],
      "exports": [],
      "functions": [],
      "calls": {
        "intra_file": [],
        "cross_file": []
      }
    }
  ],
  "data_structures": {
    "Point": {
      "x": "int",
      "y": "int"
    },
    "Region": {
      "left": "int",
      "top": "int",
      "width": "int",
      "height": "int"
    },
    "HSVRange": {
      "lower": "Tuple[int, int, int]",
      "upper": "Tuple[int, int, int]"
    },
    "TemplateConfig": {
      "name": "str",
      "path": "Path",
      "threshold": "float"
    },
    "TradeConfig": {
      "name": "str",
      "region": "Region",
      "start_button": "Point",
      "start_template": "Optional[str]",
      "start_gray_template": "Optional[str]",
      "red_ratio_threshold": "float"
    },
    "TimingConfig": {
      "cycle_delay": "float",
      "collect_interval": "float",
      "refresh_interval": "float",
      "post_click_delay": "float"
    },
    "ClickConfig": {
      "use_win32": "bool",
      "win32_press_duration": "int",
      "move_cursor_back": "bool"
    },
    "HotkeyConfig": {
      "pause_resume": "str"
    },
    "AppConfig": {
      "monitor": "Region",
      "trades": "List[TradeConfig]",
      "collect_button": "Point",
      "refresh_button": "Point",
      "hsv_ranges": "List[HSVRange]",
      "templates": "Dict[str, TemplateConfig]",
      "timing": "TimingConfig",
      "clicks": "ClickConfig",
      "hotkeys": "HotkeyConfig",
      "cycle_delay": "float"
    },
    "TradeStatus": {
      "name": "str",
      "red_ratio": "float",
      "has_red_gem": "bool",
      "start_active": "Optional[bool]",
      "start_disabled": "Optional[bool]",
      "template_score": "Optional[float]"
    }
  },
  "state": {
    "module_level": [
      {
        "file": "AutoClicker_ImageRec/Auto.py",
        "variable": "LOG_FILE",
        "type": "Path",
        "line": 15,
        "initial_value": "Path(__file__).with_name(\"automation.log\")",
        "mutated_by": []
      },
      {
        "file": "AutoClicker_ImageRec/automation_tool/automation_engine.py",
        "variable": "LOGGER",
        "type": "logging.Logger",
        "line": 12,
        "initial_value": "logging.getLogger(__name__)",
        "mutated_by": []
      },
      {
        "file": "AutoClicker_ImageRec/automation_tool/clicker.py",
        "variable": "pyautogui",
        "type": "ModuleType | None",
        "line": 8,
        "initial_value": "None",
        "mutated_by": []
      },
      {
        "file": "AutoClicker_ImageRec/automation_tool/clicker.py",
        "variable": "win32api",
        "type": "ModuleType | None",
        "line": 13,
        "initial_value": "None",
        "mutated_by": []
      },
      {
        "file": "AutoClicker_ImageRec/automation_tool/clicker.py",
        "variable": "win32con",
        "type": "ModuleType | None",
        "line": 14,
        "initial_value": "None",
        "mutated_by": []
      },
      {
        "file": "AutoClicker_ImageRec/automation_tool/clicker.py",
        "variable": "LOGGER",
        "type": "logging.Logger",
        "line": 20,
        "initial_value": "logging.getLogger(__name__)",
        "mutated_by": []
      },
      {
        "file": "AutoClicker_ImageRec/automation_tool/config_loader.py",
        "variable": "yaml",
        "type": "ModuleType | None",
        "line": 10,
        "initial_value": "None",
        "mutated_by": []
      },
      {
        "file": "AutoClicker_ImageRec/automation_tool/config_loader.py",
        "variable": "LOGGER",
        "type": "logging.Logger",
        "line": 13,
        "initial_value": "logging.getLogger(__name__)",
        "mutated_by": []
      },
      {
        "file": "AutoClicker_ImageRec/automation_tool/controller.py",
        "variable": "LOGGER",
        "type": "logging.Logger",
        "line": 10,
        "initial_value": "logging.getLogger(__name__)",
        "mutated_by": []
      },
      {
        "file": "AutoClicker_ImageRec/automation_tool/detection.py",
        "variable": "LOGGER",
        "type": "logging.Logger",
        "line": 17,
        "initial_value": "logging.getLogger(__name__)",
        "mutated_by": []
      },
      {
        "file": "AutoClicker_ImageRec/automation_tool/gui.py",
        "variable": "LOGGER",
        "type": "logging.Logger",
        "line": 13,
        "initial_value": "logging.getLogger(__name__)",
        "mutated_by": []
      },
      {
        "file": "AutoClicker_ImageRec/automation_tool/hotkeys.py",
        "variable": "LOGGER",
        "type": "logging.Logger",
        "line": 7,
        "initial_value": "logging.getLogger(__name__)",
        "mutated_by": []
      },
      {
        "file": "AutoClicker_ImageRec/automation_tool/hotkeys.py",
        "variable": "keyboard",
        "type": "ModuleType | None",
        "line": 9,
        "initial_value": "None",
        "mutated_by": []
      },
      {
        "file": "AutoClicker_ImageRec/automation_tool/hotkeys.py",
        "variable": "pynput_keyboard",
        "type": "ModuleType | None",
        "line": 14,
        "initial_value": "None",
        "mutated_by": []
      }
    ],
    "constants": []
  },
  "events": [
    {
      "file": "AutoClicker_ImageRec/Auto.py",
      "target": "signal",
      "event": "SIGINT",
      "handler": "handle_shutdown",
      "line": 49
    },
    {
      "file": "AutoClicker_ImageRec/Auto.py",
      "target": "signal",
      "event": "SIGTERM",
      "handler": "handle_shutdown",
      "line": 51
    },
    {
      "file": "AutoClicker_ImageRec/automation_tool/hotkeys.py",
      "target": "keyboard",
      "event": "hotkey press",
      "handler": "_safe_callback",
      "line": 44
    },
    {
      "file": "AutoClicker_ImageRec/automation_tool/hotkeys.py",
      "target": "pynput_keyboard",
      "event": "key press",
      "handler": "on_press",
      "line": 57
    },
    {
      "file": "AutoClicker_ImageRec/automation_tool/gui.py",
      "target": "self._root",
      "event": "WM_DELETE_WINDOW",
      "handler": "_on_close",
      "line": 23
    },
    {
      "file": "AutoClicker_ImageRec/automation_tool/gui.py",
      "target": "start_button",
      "event": "click",
      "handler": "_on_start",
      "line": 34
    },
    {
      "file": "AutoClicker_ImageRec/automation_tool/gui.py",
      "target": "stop_button",
      "event": "click",
      "handler": "_on_stop",
      "line": 37
    },
    {
      "file": "AutoClicker_ImageRec/automation_tool/gui.py",
      "target": "pause_button",
      "event": "click",
      "handler": "_on_pause",
      "line": 40
    },
    {
      "file": "AutoClicker_ImageRec/automation_tool/gui.py",
      "target": "reload_button",
      "event": "click",
      "handler": "_on_reload",
      "line": 43
    },
    {
      "file": "AutoClicker_ImageRec/automation_tool/gui.py",
      "target": "self._root",
      "event": "after (1000ms)",
      "handler": "_schedule_update",
      "line": 111
    }
  ],
  "dependencies": {
    "graph": {
      "AutoClicker_ImageRec/Auto.py": [
        "AutoClicker_ImageRec/automation_tool/controller.py",
        "AutoClicker_ImageRec/automation_tool/gui.py",
        "AutoClicker_ImageRec/config.json"
      ],
      "AutoClicker_ImageRec/automation_tool/automation_engine.py": [
        "AutoClicker_ImageRec/automation_tool/clicker.py",
        "AutoClicker_ImageRec/automation_tool/config_loader.py",
        "AutoClicker_ImageRec/automation_tool/detection.py"
      ],
      "AutoClicker_ImageRec/automation_tool/clicker.py": [
        "AutoClicker_ImageRec/automation_tool/config_loader.py"
      ],
      "AutoClicker_ImageRec/automation_tool/config_loader.py": [],
      "AutoClicker_ImageRec/automation_tool/controller.py": [
        "AutoClicker_ImageRec/automation_tool/automation_engine.py",
        "AutoClicker_ImageRec/automation_tool/config_loader.py",
        "AutoClicker_ImageRec/automation_tool/hotkeys.py"
      ],
      "AutoClicker_ImageRec/automation_tool/detection.py": [
        "AutoClicker_ImageRec/automation_tool/config_loader.py"
      ],
      "AutoClicker_ImageRec/automation_tool/gui.py": [
        "AutoClicker_ImageRec/automation_tool/controller.py"
      ],
      "AutoClicker_ImageRec/automation_tool/hotkeys.py": [],
      "AutoClicker_ImageRec/automation_tool/__init__.py": [],
      "AutoClicker_ImageRec/config.json": [],
      "AutoClicker_ImageRec/README.md": []
    },
    "circular": "none"
  },
  "execution_traces": {
    "start_gui_mode": [
      "python Auto.py",
      "main() [Auto.py:35]",
      "  → parse_args() [Auto.py:36]",
      "  → configure_logging() [Auto.py:37]",
      "  → AutomationController(config_path) [Auto.py:40]",
      "    → __init__() [controller.py:15]",
      "      → reload_config() [controller.py:21]",
      "        → _config_loader.load() [controller.py:51, config_loader.py:123]",
      "        → AutomationEngine(config) [controller.py:58, automation_engine.py:17]",
      "          → DetectionManager(config) [automation_engine.py:19, detection.py:136]",
      "          → ClickExecutor(config.clicks) [automation_engine.py:20, clicker.py:23]",
      "        → HotkeyListener(...) [controller.py:59, hotkeys.py:23]",
      "          → start() [hotkeys.py:28]",
      "            → _run() [hotkeys.py:42] (starts keyboard/pynput listener thread)",
      "  → AutomationGUI(controller) [Auto.py:52]",
      "    → __init__() [gui.py:18]",
      "      → _build_layout() [gui.py:31] (sets up tkinter widgets and callbacks)",
      "      → _schedule_update() [gui.py:109] (starts periodic status updates)",
      "  → gui.run() [Auto.py:53]",
      "    → self._root.mainloop() [gui.py:NA]"
    ],
    "start_headless_mode": [
      "python Auto.py --no-gui",
      "main() [Auto.py:35]",
      "  → parse_args() [Auto.py:36]",
      "  → configure_logging() [Auto.py:37]",
      "  → AutomationController(config_path) [Auto.py:40] (same as GUI mode for controller init)",
      "  → controller.start() [Auto.py:59]",
      "    → self.engine.start() [controller.py:33, automation_engine.py:34]",
      "      → _run_loop() [automation_engine.py:77] (starts automation logic thread)",
      "  → while True: time.sleep(1) [Auto.py:63] (main thread idles)",
      "  → KeyboardInterrupt (user presses Ctrl+C)",
      "  → controller.shutdown() [Auto.py:69] (calls engine.shutdown() and hotkey.stop())"
    ],
    "perform_trade_click": [
      "AutomationEngine._run_loop() [automation_engine.py:77]",
      "  → _detection.evaluate_all() [automation_engine.py:83, detection.py:165]",
      "    → evaluate_trade(trade) [detection.py:167]",
      "      → _grabber.grab(trade.region) [detection.py:143, ScreenGrabber:grab()]",
      "      → _color_detector.red_ratio(frame) [detection.py:145, ColorDetector:red_ratio()]",
      "      → _template_matcher.match(frame, trade.start_template) [detection.py:151, TemplateMatcher:match()]",
      "  → _handle_trades(statuses) [automation_engine.py:85]",
      "    → if status.has_red_gem and start_active:",
      "      → _click(trade.start_button) [automation_engine.py:100]",
      "        → self._clicker.click(point) [automation_engine.py:110, clicker.py:34]",
      "          → _win32_click(point) or _pyautogui_click(point) [clicker.py:35/37]",
      "          → time.sleep(post_click_delay) [automation_engine.py:102]"
    ],
    "hotkey_toggle_pause": [
      "User presses configured hotkey (e.g., F9)",
      "HotkeyListener._run() detects keypress",
      "  → HotkeyListener._safe_callback() [hotkeys.py:44 or 63]",
      "    → self._callback() (which is controller._on_hotkey) [hotkeys.py:79]",
      "      → controller._on_hotkey() [controller.py:64]",
      "        → self.engine.toggle_pause() [controller.py:65, automation_engine.py:57]",
      "          → AutomationEngine.pause() or AutomationEngine.resume() [automation_engine.py:58/61]",
      "            → self._pause_event.clear() or self._pause_event.set() (pauses/resumes the _run_loop in AutomationEngine)"
    ]
  }
}